Source:	NIST Webbook	NIST Webbook	NIST Webbook	NIST Webbook	NIST Webbook	NIST Webbook	NIST Webbook	NIST Webbook	NIST Webbook	NIST Webbook	NIST Webbook	NIST Webbook	NIST Webbook	NIST Webbook	NIST Webbook	NIST Webbook	NIST Webbook	NIST Webbook	NIST Webbook	NIST Webbook	NIST Webbook	NIST Webbook	NIST Webbook	NIST Webbook	NIST Webbook	NIST Webbook	NIST Webbook	NIST Webbook	NIST Webbook	NIST Webbook	NIST Webbook	NIST Webbook	NIST Webbook	NIST Webbook	NIST Webbook	NIST Webbook	NIST Webbook	NIST Webbook
Molecules	1butanal	1butanol	1butene	1pentene	2butanone	2buten1ol(crotyl alcohol)	2butenalE(crotonaldehyde)	2butenalZ(crotonaldehyde)	2buteneE	2buteneZ	2methylbut1ene	2methylbut2ene	2pentanone	2penteneE	2penteneZ	3methylbut1ene	3pentanone	13butadiene	acetaldehyde	aceticacid	acetone	butane	carbon dioxide	carbon monoxide	diatomicHydrogen	diethylether	Ethane	ethanol	Ethylene	ethylacetate	hexane	isobutene	methane	pentane	propane	propene	water	Acetylene
Electron Numbers	40	42	32	40	40	40	38	38	32	32	40	40	48	40	40	40	48	30	24	32	32	34	22	14	2	42	18	26	16	48	50	32	10	42	26	24	10	14
ionizationEfficiencies	2.1142857142857143	2.2	1.7714285714285714	2.1142857142857143	2.1142857142857143	2.1142857142857143	2.0285714285714285	2.0285714285714285	1.7714285714285714	1.7714285714285714	2.1142857142857143	2.1142857142857143	2.457142857142857	2.1142857142857143	2.1142857142857143	2.1142857142857143	2.457142857142857	1.685714285714286	1.4285714285714284	1.7714285714285714	1.7714285714285714	1.8571428571428572	1.44	1.07	0.43	2.2	1.1714285714285713	1.5142857142857142	1.0857142857142859	2.457142857142857	2.5428571428571427	1.7714285714285714	0.8285714285714285	2.2	1.5142857142857142	1.4285714285714284	0.97	1.0
ionizationEfficienciesSources	MadixAndKo	MadixAndKo	MadixAndKo	MadixAndKo	MadixAndKo	MadixAndKo	MadixAndKo	MadixAndKo	MadixAndKo	MadixAndKo	MadixAndKo	MadixAndKo	MadixAndKo	MadixAndKo	MadixAndKo	MadixAndKo	MadixAndKo	MadixAndKo	MadixAndKo	MadixAndKo	MadixAndKo	MadixAndKo	unknown	unknown	unknown	MadixAndKo	MadixAndKo	MadixAndKo	MadixAndKo	MadixAndKo	MadixAndKo	MadixAndKo	MadixAndKo	MadixAndKo	MadixAndKo	MadixAndKo	unknown	MadixAndKo
Molecular Mass	72.11	74.12	56.11	70.13	72.11	72.11	70.09	70.09	56.1063	56.11	70.13	70.13	86.13	70.13	70.13	70.13	86.13	54.09	44.05	60.05	58.08	58.12	44.01	28.01	2.02	74.12	30.07	46.07	28.05	88.11	86.18	56.11	16.04	72.15	44.1	42.08	18.02	26.0373
1.000000000000000000e+00	0.000000000000000000e+00	0.000000000000000000e+00	0.000000000000000000e+00	0.000000000000000000e+00	0.000000000000000000e+00	0.000000000000000000e+00	0.000000000000000000e+00	0.000000000000000000e+00	1.600160016001600294e+00	0.000000000000000000e+00	0.000000000000000000e+00	0.000000000000000000e+00	0.000000000000000000e+00	0.000000000000000000e+00	0.000000000000000000e+00	7.000700070007001008e-01	0.000000000000000000e+00	0.000000000000000000e+00	0.000000000000000000e+00	0.000000000000000000e+00	0.000000000000000000e+00	0.000000000000000000e+00	0.000000000000000000e+00	0.000000000000000000e+00	2.100210021002100191e+00	0.000000000000000000e+00	0.000000000000000000e+00	0.000000000000000000e+00	0.000000000000000000e+00	0.000000000000000000e+00	0.000000000000000000e+00	0.000000000000000000e+00	0.000000000000000000e+00	0.000000000000000000e+00	0.000000000000000000e+00	3.200320032003200588e+00	0.000000000000000000e+00	0.000000000000000000e+00
2.000000000000000000e+00	0.000000000000000000e+00	0.000000000000000000e+00	1.000100010001000184e-01	0.000000000000000000e+00	0.000000000000000000e+00	0.000000000000000000e+00	0.000000000000000000e+00	0.000000000000000000e+00	2.000200020002000367e-01	0.000000000000000000e+00	0.000000000000000000e+00	0.000000000000000000e+00	0.000000000000000000e+00	0.000000000000000000e+00	0.000000000000000000e+00	2.000200020002000367e-01	0.000000000000000000e+00	1.000100010001000184e-01	0.000000000000000000e+00	2.000200020002000367e-01	0.000000000000000000e+00	0.000000000000000000e+00	0.000000000000000000e+00	0.000000000000000000e+00	1.000000000000000000e+02	0.000000000000000000e+00	2.000200020002000367e-01	0.000000000000000000e+00	1.000100010001000184e-01	0.000000000000000000e+00	1.000100010001000184e-01	2.000200020002000367e-01	0.000000000000000000e+00	0.000000000000000000e+00	0.000000000000000000e+00	4.000400040004000735e-01	0.000000000000000000e+00	0.000000000000000000e+00
1.200000000000000000e+01	1.000100010001000184e-01	3.000300030003000273e-01	0.000000000000000000e+00	0.000000000000000000e+00	0.000000000000000000e+00	2.700270027002700246e-01	0.000000000000000000e+00	0.000000000000000000e+00	2.000200020002000367e-01	1.000100010001000184e-01	0.000000000000000000e+00	0.000000000000000000e+00	0.000000000000000000e+00	0.000000000000000000e+00	0.000000000000000000e+00	1.000100010001000184e-01	0.000000000000000000e+00	4.000400040004000735e-01	9.000900090009000820e-01	6.000600060006000547e-01	0.000000000000000000e+00	1.000100010001000184e-01	8.710871087108710498e+00	4.700470047004700724e+00	0.000000000000000000e+00	0.000000000000000000e+00	4.000400040004000735e-01	2.000200020002000367e-01	5.000500050005001196e-01	0.000000000000000000e+00	1.000100010001000184e-01	3.000300030003000273e-01	3.800380038003800642e+00	0.000000000000000000e+00	3.000300030003000273e-01	9.000900090009000820e-01	0.000000000000000000e+00	7.000700070007001008e-01
1.300000000000000000e+01	3.000300030003000273e-01	8.500850085008501145e-01	0.000000000000000000e+00	0.000000000000000000e+00	0.000000000000000000e+00	5.400540054005400492e-01	0.000000000000000000e+00	0.000000000000000000e+00	2.000200020002000367e-01	1.000100010001000184e-01	0.000000000000000000e+00	0.000000000000000000e+00	0.000000000000000000e+00	0.000000000000000000e+00	0.000000000000000000e+00	2.000200020002000367e-01	0.000000000000000000e+00	3.000300030003000273e-01	2.990299029902990569e+00	2.090209020902090487e+00	8.900890089008901551e-01	2.000200020002000367e-01	0.000000000000000000e+00	0.000000000000000000e+00	0.000000000000000000e+00	1.000100010001000184e-01	1.000100010001000239e+00	1.390139013901390275e+00	9.000900090009000820e-01	0.000000000000000000e+00	1.000100010001000184e-01	4.000400040004000735e-01	1.069106910691069245e+01	0.000000000000000000e+00	6.000600060006000547e-01	1.400140014001400202e+00	0.000000000000000000e+00	3.200320032003200588e+00
1.400000000000000000e+01	1.600160016001600294e+00	3.050305030503050574e+00	0.000000000000000000e+00	2.000200020002000367e-01	0.000000000000000000e+00	2.260226022602260354e+00	0.000000000000000000e+00	1.800180018001800164e+00	8.000800080008001469e-01	2.000200020002000367e-01	2.000200020002000367e-01	2.000200020002000367e-01	2.000200020002000367e-01	1.000100010001000184e-01	1.000100010001000184e-01	8.000800080008001469e-01	3.000300030003000273e-01	5.000500050005001196e-01	1.089108910891089188e+01	4.890489048904890446e+00	4.550455045504550711e+00	8.000800080008001469e-01	0.000000000000000000e+00	0.000000000000000000e+00	0.000000000000000000e+00	7.000700070007001008e-01	3.000300030003000273e+00	1.450145014501450280e+00	2.100210021002100191e+00	1.100110011001100174e+00	6.000600060006000547e-01	1.500150015001500137e+00	2.042204220422042127e+01	1.000100010001000184e-01	2.200220022002200349e+00	3.400340034003400458e+00	0.000000000000000000e+00	1.000100010001000184e-01
1.500000000000000000e+01	5.400540054005400492e+00	1.046104610461046214e+01	2.200220022002200349e+00	1.290129012901290118e+00	4.000400040004000957e+00	6.040604060406041143e+00	0.000000000000000000e+00	6.210621062106210566e+00	3.800380038003800642e+00	1.100110011001100174e+00	1.290129012901290118e+00	1.190119011901190182e+00	1.700170017001700229e+00	1.190119011901190182e+00	1.190119011901190182e+00	5.100510051005100465e+00	6.000600060006000547e-01	3.000300030003000273e-01	3.649364936493649481e+01	1.709170917091709185e+01	1.201120112011201257e+01	6.010601060106011140e+00	0.000000000000000000e+00	0.000000000000000000e+00	0.000000000000000000e+00	3.190319031903190439e+00	4.400440044004400697e+00	6.640664066406641197e+00	3.000300030003000273e-01	5.200520052005201066e+00	5.810581058105810826e+00	4.600460046004601011e+00	8.879887988798880372e+01	9.000900090009000820e-01	7.210721072107211249e+00	5.500550055005501093e+00	0.000000000000000000e+00	0.000000000000000000e+00
1.600000000000000000e+01	2.000200020002000367e-01	3.600360036003600328e-01	1.000100010001000184e-01	0.000000000000000000e+00	0.000000000000000000e+00	5.400540054005400492e-01	0.000000000000000000e+00	0.000000000000000000e+00	1.000100010001000184e-01	1.000100010001000184e-01	0.000000000000000000e+00	0.000000000000000000e+00	0.000000000000000000e+00	0.000000000000000000e+00	0.000000000000000000e+00	2.000200020002000367e-01	0.000000000000000000e+00	1.000100010001000184e-01	5.690569056905690815e+00	2.390239023902390514e+00	8.500850085008501145e-01	1.000100010001000184e-01	9.610961096109610580e+00	1.700170017001700229e+00	0.000000000000000000e+00	0.000000000000000000e+00	1.000100010001000184e-01	0.000000000000000000e+00	0.000000000000000000e+00	1.000100010001000184e-01	2.000200020002000367e-01	1.000100010001000184e-01	1.000000000000000000e+02	0.000000000000000000e+00	4.000400040004000735e-01	2.000200020002000367e-01	9.000900090009000820e-01	0.000000000000000000e+00
1.700000000000000000e+01	3.000300030003000273e-01	2.100210021002100191e-01	0.000000000000000000e+00	0.000000000000000000e+00	0.000000000000000000e+00	6.100610061006100926e-01	0.000000000000000000e+00	1.800180018001800164e+00	0.000000000000000000e+00	0.000000000000000000e+00	0.000000000000000000e+00	0.000000000000000000e+00	0.000000000000000000e+00	0.000000000000000000e+00	0.000000000000000000e+00	0.000000000000000000e+00	1.000100010001000184e-01	0.000000000000000000e+00	3.000300030003000273e-01	9.900990099009902012e-01	0.000000000000000000e+00	0.000000000000000000e+00	0.000000000000000000e+00	0.000000000000000000e+00	0.000000000000000000e+00	0.000000000000000000e+00	0.000000000000000000e+00	7.000700070007001008e-01	0.000000000000000000e+00	1.000100010001000184e-01	0.000000000000000000e+00	0.000000000000000000e+00	1.640164016401640223e+00	0.000000000000000000e+00	0.000000000000000000e+00	0.000000000000000000e+00	2.122212221222122253e+01	0.000000000000000000e+00
1.800000000000000000e+01	1.500150015001500137e+00	2.900290029002900449e-01	0.000000000000000000e+00	0.000000000000000000e+00	0.000000000000000000e+00	6.600660066006600601e-01	0.000000000000000000e+00	2.300230023002300506e+00	0.000000000000000000e+00	0.000000000000000000e+00	0.000000000000000000e+00	0.000000000000000000e+00	0.000000000000000000e+00	0.000000000000000000e+00	0.000000000000000000e+00	0.000000000000000000e+00	3.000300030003000273e-01	0.000000000000000000e+00	1.090109010901090247e+00	2.790279027902790254e+00	0.000000000000000000e+00	0.000000000000000000e+00	0.000000000000000000e+00	0.000000000000000000e+00	0.000000000000000000e+00	4.000400040004000735e-01	0.000000000000000000e+00	5.500550055005500871e-01	0.000000000000000000e+00	2.000200020002000367e-01	0.000000000000000000e+00	0.000000000000000000e+00	0.000000000000000000e+00	0.000000000000000000e+00	0.000000000000000000e+00	0.000000000000000000e+00	1.000000000000000000e+02	0.000000000000000000e+00
1.900000000000000000e+01	2.000200020002000367e-01	4.480448044804481000e+00	1.000100010001000184e-01	0.000000000000000000e+00	0.000000000000000000e+00	7.000700070007001008e-01	0.000000000000000000e+00	0.000000000000000000e+00	0.000000000000000000e+00	0.000000000000000000e+00	0.000000000000000000e+00	0.000000000000000000e+00	0.000000000000000000e+00	0.000000000000000000e+00	0.000000000000000000e+00	0.000000000000000000e+00	0.000000000000000000e+00	1.000100010001000184e-01	1.000100010001000184e-01	0.000000000000000000e+00	0.000000000000000000e+00	0.000000000000000000e+00	0.000000000000000000e+00	0.000000000000000000e+00	0.000000000000000000e+00	9.900990099009902012e-01	0.000000000000000000e+00	2.790279027902790254e+00	0.000000000000000000e+00	1.000100010001000184e-01	0.000000000000000000e+00	0.000000000000000000e+00	0.000000000000000000e+00	0.000000000000000000e+00	7.000700070007001008e-01	2.200220022002200349e+00	5.000500050005001196e-01	0.000000000000000000e+00
2.000000000000000000e+01	1.000100010001000184e-01	7.000700070007001563e-02	1.000100010001000184e-01	0.000000000000000000e+00	0.000000000000000000e+00	0.000000000000000000e+00	0.000000000000000000e+00	0.000000000000000000e+00	0.000000000000000000e+00	0.000000000000000000e+00	0.000000000000000000e+00	0.000000000000000000e+00	0.000000000000000000e+00	0.000000000000000000e+00	0.000000000000000000e+00	0.000000000000000000e+00	0.000000000000000000e+00	0.000000000000000000e+00	0.000000000000000000e+00	0.000000000000000000e+00	0.000000000000000000e+00	0.000000000000000000e+00	0.000000000000000000e+00	0.000000000000000000e+00	0.000000000000000000e+00	0.000000000000000000e+00	0.000000000000000000e+00	0.000000000000000000e+00	0.000000000000000000e+00	0.000000000000000000e+00	0.000000000000000000e+00	0.000000000000000000e+00	0.000000000000000000e+00	0.000000000000000000e+00	8.000800080008001469e-01	1.800180018001800164e+00	3.000300030003000273e-01	0.000000000000000000e+00
2.100000000000000000e+01	0.000000000000000000e+00	0.000000000000000000e+00	0.000000000000000000e+00	0.000000000000000000e+00	0.000000000000000000e+00	0.000000000000000000e+00	0.000000000000000000e+00	0.000000000000000000e+00	0.000000000000000000e+00	0.000000000000000000e+00	0.000000000000000000e+00	0.000000000000000000e+00	0.000000000000000000e+00	0.000000000000000000e+00	0.000000000000000000e+00	0.000000000000000000e+00	0.000000000000000000e+00	0.000000000000000000e+00	1.000100010001000184e-01	0.000000000000000000e+00	0.000000000000000000e+00	0.000000000000000000e+00	0.000000000000000000e+00	0.000000000000000000e+00	0.000000000000000000e+00	0.000000000000000000e+00	0.000000000000000000e+00	0.000000000000000000e+00	0.000000000000000000e+00	0.000000000000000000e+00	0.000000000000000000e+00	0.000000000000000000e+00	0.000000000000000000e+00	0.000000000000000000e+00	1.000100010001000184e-01	1.000100010001000184e-01	0.000000000000000000e+00	0.000000000000000000e+00
2.200000000000000000e+01	0.000000000000000000e+00	2.000200020002000298e-02	0.000000000000000000e+00	0.000000000000000000e+00	0.000000000000000000e+00	0.000000000000000000e+00	0.000000000000000000e+00	0.000000000000000000e+00	0.000000000000000000e+00	0.000000000000000000e+00	0.000000000000000000e+00	0.000000000000000000e+00	0.000000000000000000e+00	0.000000000000000000e+00	0.000000000000000000e+00	0.000000000000000000e+00	0.000000000000000000e+00	0.000000000000000000e+00	0.000000000000000000e+00	0.000000000000000000e+00	0.000000000000000000e+00	0.000000000000000000e+00	1.900190019001900321e+00	0.000000000000000000e+00	0.000000000000000000e+00	0.000000000000000000e+00	0.000000000000000000e+00	0.000000000000000000e+00	0.000000000000000000e+00	0.000000000000000000e+00	0.000000000000000000e+00	0.000000000000000000e+00	0.000000000000000000e+00	0.000000000000000000e+00	0.000000000000000000e+00	0.000000000000000000e+00	0.000000000000000000e+00	0.000000000000000000e+00
2.400000000000000000e+01	1.000100010001000184e-01	0.000000000000000000e+00	1.000100010001000184e-01	0.000000000000000000e+00	0.000000000000000000e+00	3.000300030003000273e-01	0.000000000000000000e+00	0.000000000000000000e+00	1.000100010001000184e-01	1.000100010001000184e-01	0.000000000000000000e+00	0.000000000000000000e+00	0.000000000000000000e+00	0.000000000000000000e+00	0.000000000000000000e+00	0.000000000000000000e+00	0.000000000000000000e+00	2.000200020002000367e-01	7.000700070007001008e-01	2.000200020002000367e-01	0.000000000000000000e+00	1.000100010001000184e-01	0.000000000000000000e+00	0.000000000000000000e+00	0.000000000000000000e+00	0.000000000000000000e+00	5.000500050005001196e-01	6.100610061006100926e-01	2.300230023002300506e+00	0.000000000000000000e+00	0.000000000000000000e+00	1.000100010001000184e-01	0.000000000000000000e+00	0.000000000000000000e+00	1.000100010001000184e-01	3.000300030003000273e-01	0.000000000000000000e+00	5.000500050005000752e+00
2.500000000000000000e+01	6.000600060006000547e-01	0.000000000000000000e+00	9.000900090009000820e-01	1.000100010001000184e-01	0.000000000000000000e+00	2.020202020202020332e+00	5.000500050005000752e+00	2.300230023002300506e+00	9.000900090009000820e-01	5.000500050005001196e-01	1.000100010001000184e-01	0.000000000000000000e+00	1.000100010001000184e-01	1.000100010001000184e-01	1.000100010001000184e-01	1.000100010001000184e-01	1.000100010001000184e-01	2.500250025002500376e+00	2.390239023902390514e+00	4.000400040004000735e-01	1.290129012901290118e+00	2.000200020002000367e-01	0.000000000000000000e+00	0.000000000000000000e+00	0.000000000000000000e+00	1.000100010001000184e-01	3.500350035003500615e+00	2.460246024602460224e+00	7.810781078107811304e+00	1.000100010001000184e-01	0.000000000000000000e+00	4.000400040004000735e-01	0.000000000000000000e+00	1.000100010001000184e-01	5.000500050005001196e-01	1.800180018001800164e+00	0.000000000000000000e+00	1.912191219121912411e+01
2.600000000000000000e+01	6.310631063106311167e+00	1.360136013601360183e+01	8.210821082108211044e+00	2.490249024902490227e+00	1.000100010001000239e+00	1.087108710871087247e+01	1.800180018001800164e+01	9.810981098109811782e+00	1.131113111311131192e+01	6.710671067106710908e+00	1.590159015901590145e+00	1.790179017901790237e+00	1.200120012001200109e+00	1.990199019901990329e+00	1.890189018901890172e+00	3.700370037003700485e+00	2.490249024902490227e+00	1.541154115411541170e+01	5.490549054905490500e+00	5.000500050005001196e-01	4.960496049604961044e+00	5.810581058105810826e+00	0.000000000000000000e+00	0.000000000000000000e+00	0.000000000000000000e+00	3.090309030903090282e+00	2.322232223222322389e+01	9.850985098509850602e+00	5.295529552955295571e+01	1.100110011001100174e+00	3.900390039003900799e+00	5.100510051005100465e+00	0.000000000000000000e+00	2.100210021002100191e+00	9.110911091109111126e+00	1.051105110511051244e+01	0.000000000000000000e+00	1.000000000000000000e+02
2.700000000000000000e+01	5.895589558955895626e+01	5.703570357035703609e+01	2.512251225122512466e+01	1.829182918291829196e+01	8.000800080008001913e+00	4.090409040904090432e+01	4.900490049004901039e+01	2.052205220522052187e+01	3.513351335133513231e+01	2.192219221922192318e+01	1.469146914691469163e+01	1.559155915591559172e+01	7.700770077007700998e+00	1.439143914391439161e+01	1.349134913491349153e+01	2.973297329732973537e+01	1.239123912391239202e+01	4.944494449444944451e+01	3.590359035903590623e+00	1.000100010001000184e-01	7.070707070707070940e+00	3.873387338733873264e+01	0.000000000000000000e+00	0.000000000000000000e+00	0.000000000000000000e+00	1.939193919391939147e+01	3.323332333233323510e+01	2.241224122412241471e+01	6.236623662366236687e+01	5.400540054005400492e+00	4.544454445444544888e+01	2.172217221722172198e+01	0.000000000000000000e+00	1.890189018901890350e+01	4.194419441944194915e+01	3.873387338733873264e+01	0.000000000000000000e+00	2.200220022002200349e+00
2.800000000000000000e+01	1.491149114911491225e+01	1.967196719671967386e+01	2.702270227022702542e+01	2.390239023902390514e+00	3.000300030003000273e+00	1.414141414141414188e+01	0.000000000000000000e+00	0.000000000000000000e+00	3.243324332433243740e+01	2.472247224722472225e+01	1.890189018901890172e+00	2.090209020902090487e+00	4.000400040004000735e-01	1.090109010901090247e+00	9.900990099009902012e-01	4.800480048004800437e+00	4.290429042904290391e+00	3.413341334133413341e+01	3.290329032903290596e+00	4.090409040904090965e+00	1.210121012101210258e+00	3.213321332133213559e+01	9.810981098109811782e+00	1.000000000000000000e+02	0.000000000000000000e+00	5.090509050905090760e+00	1.000000000000000000e+02	3.450345034503450314e+00	1.000000000000000000e+02	2.200220022002200349e+00	1.071107110711071186e+01	2.182218221822182258e+01	0.000000000000000000e+00	2.800280028002800403e+00	5.875587558755876216e+01	1.400140014001400202e+00	0.000000000000000000e+00	1.000100010001000184e-01
2.900000000000000000e+01	5.385538553855386112e+01	3.846384638463846528e+01	1.251125112511251203e+01	2.099209920992099399e+01	1.700170017001700273e+01	7.263726372637263751e+01	3.900390039003900711e+01	1.942194219421942236e+01	1.982198219821982121e+01	1.361136113611361154e+01	2.279227922792279415e+01	2.089208920892089338e+01	1.600160016001600294e+00	2.199219921992199289e+01	2.009200920092009213e+01	2.592259225922592236e+01	5.939593959395939748e+01	8.000800080008001469e-01	1.000000000000000000e+02	8.490849084908491662e+00	3.620362036203620626e+00	4.334433443344334336e+01	1.000100010001000184e-01	1.200120012001200109e+00	0.000000000000000000e+00	4.269426942694269655e+01	2.152215221522152433e+01	2.985298529852985538e+01	2.300230023002300506e+00	1.241124112411241143e+01	6.065606560656065938e+01	1.091109110911091129e+01	0.000000000000000000e+00	1.360136013601360183e+01	1.000000000000000000e+02	0.000000000000000000e+00	0.000000000000000000e+00	0.000000000000000000e+00
3.000000000000000000e+01	1.200120012001200109e+00	2.000200020002000298e-02	4.000400040004000735e-01	4.000400040004000735e-01	0.000000000000000000e+00	3.720372037203720339e+00	2.000200020002000478e+00	0.000000000000000000e+00	7.000700070007001008e-01	6.000600060006000547e-01	6.000600060006000547e-01	4.000400040004000735e-01	1.000100010001000184e-01	5.000500050005001196e-01	4.000400040004000735e-01	6.000600060006000547e-01	1.390139013901390275e+00	0.000000000000000000e+00	1.190119011901190182e+00	4.000400040004000735e-01	0.000000000000000000e+00	1.000100010001000239e+00	0.000000000000000000e+00	0.000000000000000000e+00	0.000000000000000000e+00	1.290129012901290118e+00	2.622262226222622417e+01	8.120812081208121924e+00	1.000100010001000184e-01	7.000700070007001008e-01	1.300130013001300266e+00	6.000600060006000547e-01	0.000000000000000000e+00	3.000300030003000273e-01	2.200220022002200349e+00	0.000000000000000000e+00	0.000000000000000000e+00	0.000000000000000000e+00
3.100000000000000000e+01	2.800280028002800403e+00	9.812981298129813013e+01	0.000000000000000000e+00	5.000500050005001196e-01	0.000000000000000000e+00	2.899289928992899590e+01	2.000200020002000478e+00	2.082208220822082367e+01	0.000000000000000000e+00	0.000000000000000000e+00	6.000600060006000547e-01	0.000000000000000000e+00	2.000200020002000367e-01	9.000900090009000820e-01	8.000800080008001469e-01	2.000200020002000367e-01	4.000400040004000735e-01	0.000000000000000000e+00	3.000300030003000273e-01	2.490249024902490227e+00	4.500450045004500410e-01	0.000000000000000000e+00	0.000000000000000000e+00	0.000000000000000000e+00	0.000000000000000000e+00	1.000000000000000000e+02	5.000500050005001196e-01	1.000000000000000000e+02	0.000000000000000000e+00	9.000900090009000820e-01	0.000000000000000000e+00	0.000000000000000000e+00	0.000000000000000000e+00	0.000000000000000000e+00	0.000000000000000000e+00	0.000000000000000000e+00	0.000000000000000000e+00	0.000000000000000000e+00
3.200000000000000000e+01	0.000000000000000000e+00	2.160216021602160197e+00	0.000000000000000000e+00	0.000000000000000000e+00	0.000000000000000000e+00	1.260126012601260115e+00	0.000000000000000000e+00	1.000100010001000239e+00	0.000000000000000000e+00	0.000000000000000000e+00	0.000000000000000000e+00	0.000000000000000000e+00	0.000000000000000000e+00	0.000000000000000000e+00	2.000200020002000367e-01	1.000100010001000184e-01	2.000200020002000367e-01	0.000000000000000000e+00	0.000000000000000000e+00	1.000100010001000184e-01	0.000000000000000000e+00	0.000000000000000000e+00	0.000000000000000000e+00	0.000000000000000000e+00	0.000000000000000000e+00	1.090109010901090247e+00	0.000000000000000000e+00	0.000000000000000000e+00	0.000000000000000000e+00	0.000000000000000000e+00	1.000100010001000184e-01	0.000000000000000000e+00	0.000000000000000000e+00	0.000000000000000000e+00	0.000000000000000000e+00	0.000000000000000000e+00	0.000000000000000000e+00	0.000000000000000000e+00
3.300000000000000000e+01	0.000000000000000000e+00	9.070907090709070530e+00	0.000000000000000000e+00	0.000000000000000000e+00	0.000000000000000000e+00	0.000000000000000000e+00	1.000100010001000239e+00	0.000000000000000000e+00	0.000000000000000000e+00	0.000000000000000000e+00	0.000000000000000000e+00	0.000000000000000000e+00	0.000000000000000000e+00	0.000000000000000000e+00	1.000100010001000184e-01	1.000100010001000184e-01	0.000000000000000000e+00	0.000000000000000000e+00	0.000000000000000000e+00	0.000000000000000000e+00	0.000000000000000000e+00	0.000000000000000000e+00	0.000000000000000000e+00	0.000000000000000000e+00	0.000000000000000000e+00	2.000200020002000367e-01	0.000000000000000000e+00	3.100310031003100653e-01	0.000000000000000000e+00	0.000000000000000000e+00	0.000000000000000000e+00	0.000000000000000000e+00	0.000000000000000000e+00	0.000000000000000000e+00	0.000000000000000000e+00	0.000000000000000000e+00	0.000000000000000000e+00	0.000000000000000000e+00
3.400000000000000000e+01	0.000000000000000000e+00	2.300230023002300395e-01	0.000000000000000000e+00	0.000000000000000000e+00	0.000000000000000000e+00	2.600260026002600422e-01	0.000000000000000000e+00	0.000000000000000000e+00	0.000000000000000000e+00	0.000000000000000000e+00	0.000000000000000000e+00	0.000000000000000000e+00	0.000000000000000000e+00	0.000000000000000000e+00	0.000000000000000000e+00	0.000000000000000000e+00	0.000000000000000000e+00	0.000000000000000000e+00	0.000000000000000000e+00	0.000000000000000000e+00	0.000000000000000000e+00	0.000000000000000000e+00	0.000000000000000000e+00	0.000000000000000000e+00	0.000000000000000000e+00	0.000000000000000000e+00	0.000000000000000000e+00	0.000000000000000000e+00	0.000000000000000000e+00	0.000000000000000000e+00	0.000000000000000000e+00	0.000000000000000000e+00	0.000000000000000000e+00	0.000000000000000000e+00	0.000000000000000000e+00	0.000000000000000000e+00	0.000000000000000000e+00	0.000000000000000000e+00
3.600000000000000000e+01	3.000300030003000273e-01	0.000000000000000000e+00	2.000200020002000367e-01	0.000000000000000000e+00	0.000000000000000000e+00	1.080108010801080098e+00	4.000400040004000957e+00	1.000100010001000239e+00	1.000100010001000184e-01	1.000100010001000184e-01	0.000000000000000000e+00	1.000100010001000184e-01	0.000000000000000000e+00	1.000100010001000184e-01	1.000100010001000184e-01	1.000100010001000184e-01	0.000000000000000000e+00	9.000900090009000820e-01	0.000000000000000000e+00	0.000000000000000000e+00	7.000700070007001008e-01	0.000000000000000000e+00	0.000000000000000000e+00	0.000000000000000000e+00	0.000000000000000000e+00	0.000000000000000000e+00	0.000000000000000000e+00	0.000000000000000000e+00	0.000000000000000000e+00	0.000000000000000000e+00	0.000000000000000000e+00	2.000200020002000367e-01	0.000000000000000000e+00	0.000000000000000000e+00	3.000300030003000273e-01	1.800180018001800164e+00	0.000000000000000000e+00	0.000000000000000000e+00
3.700000000000000000e+01	2.700270027002700246e+00	2.590259025902590384e+00	2.600260026002600533e+00	1.090109010901090247e+00	0.000000000000000000e+00	6.810681068106810621e+00	1.800180018001800164e+01	1.051105110511051244e+01	2.300230023002300506e+00	1.600160016001600294e+00	9.900990099009902012e-01	1.090109010901090247e+00	6.000600060006000547e-01	1.190119011901190182e+00	1.190119011901190182e+00	9.000900090009000820e-01	2.000200020002000367e-01	4.400440044004400697e+00	0.000000000000000000e+00	0.000000000000000000e+00	2.510251025102510525e+00	7.000700070007001008e-01	0.000000000000000000e+00	0.000000000000000000e+00	0.000000000000000000e+00	0.000000000000000000e+00	0.000000000000000000e+00	0.000000000000000000e+00	0.000000000000000000e+00	0.000000000000000000e+00	0.000000000000000000e+00	3.400340034003400458e+00	0.000000000000000000e+00	8.000800080008001469e-01	3.000300030003000273e+00	1.271127112711271145e+01	0.000000000000000000e+00	0.000000000000000000e+00
3.800000000000000000e+01	4.600460046004601011e+00	6.350635063506350875e+00	4.300430043004300984e+00	2.790279027902790254e+00	0.000000000000000000e+00	1.208120812081208229e+01	2.900290029002900383e+01	1.551155115511551230e+01	4.200420042004200383e+00	3.300330033003300301e+00	2.690269026902690541e+00	2.390239023902390514e+00	1.300130013001300266e+00	2.390239023902390514e+00	2.590259025902590384e+00	2.500250025002500376e+00	3.000300030003000273e-01	5.810581058105810826e+00	0.000000000000000000e+00	0.000000000000000000e+00	2.810281028102810552e+00	1.900190019001900321e+00	0.000000000000000000e+00	0.000000000000000000e+00	0.000000000000000000e+00	0.000000000000000000e+00	0.000000000000000000e+00	0.000000000000000000e+00	0.000000000000000000e+00	0.000000000000000000e+00	0.000000000000000000e+00	6.310631063106311167e+00	0.000000000000000000e+00	2.100210021002100191e+00	5.300530053005300779e+00	1.942194219421942236e+01	0.000000000000000000e+00	0.000000000000000000e+00
3.900000000000000000e+01	2.312231223122312329e+01	2.543254325432543439e+01	3.393339333933393220e+01	2.719271927192719573e+01	2.000200020002000478e+00	5.234523452345234773e+01	9.700970097009701476e+01	8.738873887388739092e+01	3.593359335933593712e+01	3.143314331433143494e+01	2.539253925392539202e+01	2.379237923792379306e+01	7.800780078007801599e+00	2.279227922792279415e+01	2.179217921792179169e+01	2.662266226622662302e+01	1.790179017901790237e+00	1.000000000000000000e+02	0.000000000000000000e+00	0.000000000000000000e+00	4.630463046304631014e+00	1.361136113611361154e+01	0.000000000000000000e+00	0.000000000000000000e+00	0.000000000000000000e+00	2.000200020002000367e-01	0.000000000000000000e+00	0.000000000000000000e+00	0.000000000000000000e+00	1.000100010001000184e-01	1.972197219721972417e+01	4.494449444944494587e+01	0.000000000000000000e+00	1.930193019301930235e+01	1.892189218921892291e+01	7.257725772577258283e+01	0.000000000000000000e+00	0.000000000000000000e+00
4.000000000000000000e+01	3.000300030003000273e+00	2.300230023002300395e-01	6.410641064106410880e+00	6.790679067906791211e+00	0.000000000000000000e+00	7.250725072507250957e+00	2.700270027002700246e+01	1.451145114511451162e+01	6.410641064106410880e+00	5.810581058105810826e+00	3.990399039903990808e+00	3.790379037903790493e+00	1.100110011001100174e+00	4.590459045904590418e+00	3.990399039903990808e+00	3.800380038003800642e+00	3.000300030003000273e-01	3.500350035003500615e+00	1.090109010901090247e+00	8.000800080008001469e-01	1.280128012801280191e+00	1.900190019001900321e+00	0.000000000000000000e+00	0.000000000000000000e+00	0.000000000000000000e+00	0.000000000000000000e+00	0.000000000000000000e+00	0.000000000000000000e+00	0.000000000000000000e+00	1.000100010001000184e-01	3.200320032003200588e+00	1.021102110211021063e+01	0.000000000000000000e+00	3.200320032003200588e+00	2.800280028002800403e+00	2.913291329132913532e+01	0.000000000000000000e+00	0.000000000000000000e+00
4.100000000000000000e+01	6.055605560556055877e+01	8.767876787678768835e+01	1.000000000000000000e+02	4.389438943894389666e+01	1.000100010001000239e+00	3.119311931193119491e+01	1.000000000000000000e+02	1.181118111811181137e+01	1.000000000000000000e+02	1.000000000000000000e+02	2.429242924292429251e+01	3.369336933693369218e+01	1.380138013801380126e+01	2.779277927792779579e+01	2.359235923592359185e+01	2.162216221622162493e+01	1.990199019901990329e+00	2.000200020002000367e-01	5.090509050905090760e+00	3.590359035903590623e+00	2.780278027802780549e+00	2.853285328532853526e+01	0.000000000000000000e+00	0.000000000000000000e+00	0.000000000000000000e+00	6.090609060906090555e+00	0.000000000000000000e+00	1.370137013701370199e+00	0.000000000000000000e+00	3.000300030003000273e-01	7.016701670167016403e+01	1.000000000000000000e+02	0.000000000000000000e+00	5.759575957595760087e+01	1.341134113411341211e+01	1.000000000000000000e+02	0.000000000000000000e+00	0.000000000000000000e+00
4.200000000000000000e+01	1.191119111911191197e+01	4.328432843284328868e+01	3.300330033003300301e+00	1.000000000000000000e+02	3.000300030003000273e+00	8.130813081308131629e+00	3.000300030003000273e+01	1.762176217621762220e+01	3.400340034003400458e+00	3.400340034003400458e+00	3.039303930393039366e+01	3.129312931293129552e+01	6.000600060006000547e+00	3.709370937093709841e+01	4.049404940494049754e+01	2.742274227422742428e+01	1.790179017901790237e+00	0.000000000000000000e+00	1.279127912791279265e+01	1.309130913091309267e+01	9.610961096109610580e+00	1.211121112111211140e+01	0.000000000000000000e+00	0.000000000000000000e+00	0.000000000000000000e+00	1.190119011901190182e+00	0.000000000000000000e+00	4.740474047404740432e+00	0.000000000000000000e+00	4.600460046004601011e+00	4.094409440944094314e+01	3.600360036003600328e+00	0.000000000000000000e+00	6.119611961196120120e+01	6.010601060106011140e+00	7.036703670367036523e+01	0.000000000000000000e+00	0.000000000000000000e+00
4.300000000000000000e+01	7.867786778677867687e+01	6.842684268426843630e+01	1.000100010001000184e-01	4.090409040904090965e+00	1.000000000000000000e+02	4.112411241124112848e+01	4.000400040004000957e+00	3.600360036003600328e+00	1.000100010001000184e-01	1.000100010001000184e-01	2.190219021902190200e+00	6.790679067906791211e+00	1.000000000000000000e+02	1.990199019901990329e+00	1.890189018901890172e+00	3.500350035003500615e+00	1.590159015901590145e+00	0.000000000000000000e+00	4.749474947494749699e+01	1.000000000000000000e+02	1.000000000000000000e+02	1.000000000000000000e+02	0.000000000000000000e+00	0.000000000000000000e+00	0.000000000000000000e+00	8.290829082908290459e+00	0.000000000000000000e+00	1.144114411441144163e+01	0.000000000000000000e+00	1.000000000000000000e+02	8.127812781278127829e+01	1.000100010001000184e-01	0.000000000000000000e+00	1.000000000000000000e+02	2.312231223122312329e+01	2.300230023002300506e+00	0.000000000000000000e+00	0.000000000000000000e+00
4.400000000000000000e+01	1.000000000000000000e+02	4.960496049604961044e+00	0.000000000000000000e+00	1.000100010001000184e-01	3.000300030003000273e+00	1.078107810781078157e+01	0.000000000000000000e+00	5.200520052005201066e+00	0.000000000000000000e+00	0.000000000000000000e+00	2.000200020002000367e-01	2.000200020002000367e-01	2.900290029002900560e+00	7.000700070007001008e-01	6.000600060006000547e-01	1.000100010001000184e-01	1.000100010001000184e-01	0.000000000000000000e+00	8.259825982598260907e+01	2.490249024902490227e+00	2.460246024602460224e+00	3.300330033003300301e+00	1.000000000000000000e+02	0.000000000000000000e+00	0.000000000000000000e+00	1.990199019901990329e+00	0.000000000000000000e+00	7.100710071007101387e-01	0.000000000000000000e+00	2.900290029002900560e+00	2.700270027002700246e+00	0.000000000000000000e+00	0.000000000000000000e+00	3.800380038003800642e+00	2.742274227422742428e+01	1.000100010001000184e-01	0.000000000000000000e+00	0.000000000000000000e+00
4.500000000000000000e+01	3.500350035003500615e+00	7.710771077107711591e+00	0.000000000000000000e+00	0.000000000000000000e+00	0.000000000000000000e+00	3.080308030803080577e+00	0.000000000000000000e+00	1.800180018001800164e+00	0.000000000000000000e+00	0.000000000000000000e+00	0.000000000000000000e+00	1.000100010001000184e-01	7.000700070007001008e-01	2.000200020002000367e-01	0.000000000000000000e+00	0.000000000000000000e+00	1.000100010001000184e-01	0.000000000000000000e+00	2.790279027902790254e+00	9.039903990399039913e+01	0.000000000000000000e+00	1.000100010001000184e-01	1.200120012001200109e+00	0.000000000000000000e+00	0.000000000000000000e+00	4.459445944594459377e+01	0.000000000000000000e+00	5.149514951495149973e+01	0.000000000000000000e+00	1.461146114611461222e+01	0.000000000000000000e+00	0.000000000000000000e+00	0.000000000000000000e+00	0.000000000000000000e+00	9.000900090009000820e-01	0.000000000000000000e+00	0.000000000000000000e+00	0.000000000000000000e+00
4.600000000000000000e+01	4.000400040004000735e-01	6.000600060006000547e-01	0.000000000000000000e+00	0.000000000000000000e+00	0.000000000000000000e+00	0.000000000000000000e+00	0.000000000000000000e+00	1.300130013001300266e+00	0.000000000000000000e+00	0.000000000000000000e+00	0.000000000000000000e+00	0.000000000000000000e+00	0.000000000000000000e+00	0.000000000000000000e+00	0.000000000000000000e+00	0.000000000000000000e+00	0.000000000000000000e+00	0.000000000000000000e+00	0.000000000000000000e+00	1.090109010901090247e+00	0.000000000000000000e+00	0.000000000000000000e+00	4.000400040004000735e-01	0.000000000000000000e+00	0.000000000000000000e+00	1.090109010901090247e+00	0.000000000000000000e+00	2.163216321632163286e+01	0.000000000000000000e+00	4.000400040004000735e-01	0.000000000000000000e+00	0.000000000000000000e+00	0.000000000000000000e+00	0.000000000000000000e+00	0.000000000000000000e+00	0.000000000000000000e+00	0.000000000000000000e+00	0.000000000000000000e+00
4.700000000000000000e+01	0.000000000000000000e+00	0.000000000000000000e+00	0.000000000000000000e+00	0.000000000000000000e+00	0.000000000000000000e+00	0.000000000000000000e+00	0.000000000000000000e+00	0.000000000000000000e+00	0.000000000000000000e+00	0.000000000000000000e+00	0.000000000000000000e+00	0.000000000000000000e+00	0.000000000000000000e+00	0.000000000000000000e+00	0.000000000000000000e+00	0.000000000000000000e+00	0.000000000000000000e+00	0.000000000000000000e+00	0.000000000000000000e+00	2.000200020002000367e-01	0.000000000000000000e+00	0.000000000000000000e+00	0.000000000000000000e+00	0.000000000000000000e+00	0.000000000000000000e+00	3.000300030003000273e-01	0.000000000000000000e+00	7.300730073007301035e-01	0.000000000000000000e+00	1.000100010001000184e-01	0.000000000000000000e+00	0.000000000000000000e+00	0.000000000000000000e+00	0.000000000000000000e+00	0.000000000000000000e+00	0.000000000000000000e+00	0.000000000000000000e+00	0.000000000000000000e+00
4.800000000000000000e+01	1.000100010001000184e-01	0.000000000000000000e+00	3.000300030003000273e-01	0.000000000000000000e+00	0.000000000000000000e+00	4.600460046004600789e-01	1.000100010001000239e+00	0.000000000000000000e+00	2.000200020002000367e-01	2.000200020002000367e-01	0.000000000000000000e+00	0.000000000000000000e+00	0.000000000000000000e+00	0.000000000000000000e+00	0.000000000000000000e+00	1.000100010001000184e-01	0.000000000000000000e+00	1.500150015001500137e+00	0.000000000000000000e+00	0.000000000000000000e+00	0.000000000000000000e+00	0.000000000000000000e+00	0.000000000000000000e+00	0.000000000000000000e+00	0.000000000000000000e+00	0.000000000000000000e+00	0.000000000000000000e+00	0.000000000000000000e+00	0.000000000000000000e+00	0.000000000000000000e+00	0.000000000000000000e+00	2.000200020002000367e-01	0.000000000000000000e+00	0.000000000000000000e+00	0.000000000000000000e+00	0.000000000000000000e+00	0.000000000000000000e+00	0.000000000000000000e+00
4.900000000000000000e+01	5.000500050005001196e-01	0.000000000000000000e+00	1.600160016001600294e+00	3.000300030003000273e-01	0.000000000000000000e+00	2.280228022802280208e+00	4.000400040004000957e+00	1.600160016001600294e+00	1.500150015001500137e+00	1.400140014001400202e+00	4.000400040004000735e-01	4.000400040004000735e-01	1.000100010001000184e-01	3.000300030003000273e-01	3.000300030003000273e-01	3.000300030003000273e-01	0.000000000000000000e+00	8.110811081108110443e+00	0.000000000000000000e+00	0.000000000000000000e+00	0.000000000000000000e+00	2.000200020002000367e-01	0.000000000000000000e+00	0.000000000000000000e+00	0.000000000000000000e+00	0.000000000000000000e+00	0.000000000000000000e+00	0.000000000000000000e+00	0.000000000000000000e+00	0.000000000000000000e+00	0.000000000000000000e+00	1.200120012001200109e+00	0.000000000000000000e+00	2.000200020002000367e-01	0.000000000000000000e+00	0.000000000000000000e+00	0.000000000000000000e+00	0.000000000000000000e+00
5.000000000000000000e+01	1.200120012001200109e+00	0.000000000000000000e+00	5.100510051005100465e+00	1.290129012901290118e+00	0.000000000000000000e+00	6.700670067006701203e+00	5.000500050005000752e+00	4.200420042004200383e+00	6.210621062106210566e+00	5.810581058105810826e+00	1.990199019901990329e+00	2.290229022902290357e+00	5.000500050005001196e-01	1.690169016901690302e+00	1.590159015901590145e+00	2.200220022002200349e+00	3.000300030003000273e-01	2.682268226822682422e+01	0.000000000000000000e+00	0.000000000000000000e+00	0.000000000000000000e+00	1.100110011001100174e+00	0.000000000000000000e+00	0.000000000000000000e+00	0.000000000000000000e+00	0.000000000000000000e+00	0.000000000000000000e+00	0.000000000000000000e+00	0.000000000000000000e+00	0.000000000000000000e+00	0.000000000000000000e+00	4.900490049004901039e+00	0.000000000000000000e+00	1.300130013001300266e+00	0.000000000000000000e+00	0.000000000000000000e+00	0.000000000000000000e+00	0.000000000000000000e+00
5.100000000000000000e+01	8.000800080008001469e-01	0.000000000000000000e+00	4.200420042004200383e+00	1.790179017901790237e+00	0.000000000000000000e+00	5.980598059805981137e+00	4.000400040004000957e+00	0.000000000000000000e+00	6.010601060106011140e+00	5.710571057105711112e+00	2.290229022902290357e+00	2.890289028902890411e+00	4.000400040004000735e-01	2.090209020902090487e+00	2.090209020902090487e+00	3.300330033003300301e+00	3.000300030003000273e-01	2.532253225322532231e+01	0.000000000000000000e+00	0.000000000000000000e+00	0.000000000000000000e+00	1.000100010001000239e+00	0.000000000000000000e+00	0.000000000000000000e+00	0.000000000000000000e+00	0.000000000000000000e+00	0.000000000000000000e+00	0.000000000000000000e+00	0.000000000000000000e+00	0.000000000000000000e+00	0.000000000000000000e+00	4.500450045004500410e+00	0.000000000000000000e+00	1.600160016001600294e+00	0.000000000000000000e+00	0.000000000000000000e+00	0.000000000000000000e+00	0.000000000000000000e+00
5.200000000000000000e+01	2.000200020002000367e-01	0.000000000000000000e+00	1.300130013001300266e+00	6.000600060006000547e-01	0.000000000000000000e+00	2.130213021302130194e+00	2.000200020002000478e+00	1.600160016001600294e+00	2.000200020002000478e+00	1.900190019001900321e+00	8.000800080008001469e-01	1.090109010901090247e+00	1.000100010001000184e-01	9.000900090009000820e-01	8.000800080008001469e-01	1.200120012001200109e+00	0.000000000000000000e+00	1.141114111411141252e+01	0.000000000000000000e+00	0.000000000000000000e+00	0.000000000000000000e+00	3.000300030003000273e-01	0.000000000000000000e+00	0.000000000000000000e+00	0.000000000000000000e+00	0.000000000000000000e+00	0.000000000000000000e+00	0.000000000000000000e+00	0.000000000000000000e+00	0.000000000000000000e+00	0.000000000000000000e+00	1.300130013001300266e+00	0.000000000000000000e+00	5.000500050005001196e-01	0.000000000000000000e+00	0.000000000000000000e+00	0.000000000000000000e+00	0.000000000000000000e+00
5.300000000000000000e+01	2.500250025002500376e+00	0.000000000000000000e+00	5.400540054005400492e+00	5.390539053905390787e+00	0.000000000000000000e+00	1.350135013501350123e+01	3.000300030003000273e+00	1.000100010001000239e+00	8.110811081108110443e+00	8.310831083108311645e+00	8.090809080908091033e+00	9.390939093909391744e+00	8.000800080008001469e-01	8.390839083908391061e+00	7.090709070907091238e+00	8.410841084108410470e+00	8.000800080008001469e-01	7.086708670867086823e+01	0.000000000000000000e+00	0.000000000000000000e+00	0.000000000000000000e+00	9.000900090009000820e-01	0.000000000000000000e+00	0.000000000000000000e+00	0.000000000000000000e+00	0.000000000000000000e+00	0.000000000000000000e+00	0.000000000000000000e+00	0.000000000000000000e+00	0.000000000000000000e+00	1.700170017001700229e+00	5.100510051005100465e+00	0.000000000000000000e+00	2.100210021002100191e+00	0.000000000000000000e+00	0.000000000000000000e+00	0.000000000000000000e+00	0.000000000000000000e+00
5.400000000000000000e+01	2.300230023002300506e+00	0.000000000000000000e+00	2.400240024002400219e+00	1.590159015901590145e+00	0.000000000000000000e+00	9.130913091309130536e+00	1.000100010001000239e+00	0.000000000000000000e+00	3.600360036003600328e+00	4.000400040004000957e+00	2.390239023902390514e+00	2.890289028902890411e+00	1.000100010001000184e-01	3.190319031903190439e+00	2.590259025902590384e+00	2.800280028002800403e+00	1.000100010001000184e-01	9.519951995199519956e+01	0.000000000000000000e+00	0.000000000000000000e+00	0.000000000000000000e+00	2.000200020002000367e-01	0.000000000000000000e+00	0.000000000000000000e+00	0.000000000000000000e+00	0.000000000000000000e+00	0.000000000000000000e+00	0.000000000000000000e+00	0.000000000000000000e+00	0.000000000000000000e+00	6.000600060006000547e-01	2.300230023002300506e+00	0.000000000000000000e+00	6.000600060006000547e-01	0.000000000000000000e+00	0.000000000000000000e+00	0.000000000000000000e+00	0.000000000000000000e+00
5.500000000000000000e+01	3.000300030003000273e+00	2.795279527952795462e+01	1.812181218121812165e+01	6.529652965296530454e+01	0.000000000000000000e+00	8.700870087008700793e+00	5.000500050005000752e+00	0.000000000000000000e+00	2.202220222022202378e+01	2.592259225922592236e+01	1.000000000000000000e+02	1.000000000000000000e+02	9.000900090009000820e-01	1.000000000000000000e+02	1.000000000000000000e+02	1.000000000000000000e+02	1.290129012901290118e+00	4.300430043004300984e+00	0.000000000000000000e+00	1.000100010001000184e-01	0.000000000000000000e+00	1.000100010001000239e+00	0.000000000000000000e+00	0.000000000000000000e+00	0.000000000000000000e+00	0.000000000000000000e+00	0.000000000000000000e+00	0.000000000000000000e+00	0.000000000000000000e+00	1.000100010001000184e-01	6.610661066106611194e+00	1.601160116011601176e+01	0.000000000000000000e+00	5.400540054005400492e+00	0.000000000000000000e+00	0.000000000000000000e+00	0.000000000000000000e+00	0.000000000000000000e+00
5.600000000000000000e+01	4.000400040004000735e-01	1.000000000000000000e+02	3.883388338833883324e+01	2.890289028902890411e+00	0.000000000000000000e+00	4.600460046004600789e-01	0.000000000000000000e+00	0.000000000000000000e+00	4.784478447844784910e+01	5.715571557155715965e+01	4.590459045904590418e+00	5.390539053905390787e+00	2.000200020002000367e-01	4.790479047904790733e+00	4.390439043904390992e+00	4.600460046004601011e+00	3.690369036903690336e+00	1.000100010001000184e-01	0.000000000000000000e+00	0.000000000000000000e+00	0.000000000000000000e+00	8.000800080008001469e-01	0.000000000000000000e+00	0.000000000000000000e+00	0.000000000000000000e+00	0.000000000000000000e+00	0.000000000000000000e+00	0.000000000000000000e+00	0.000000000000000000e+00	1.000100010001000184e-01	4.534453445344534828e+01	4.454445444544454347e+01	0.000000000000000000e+00	4.100410041004100670e+00	0.000000000000000000e+00	0.000000000000000000e+00	0.000000000000000000e+00	0.000000000000000000e+00
5.700000000000000000e+01	2.582258225822582531e+01	7.600760076007601285e+00	1.700170017001700229e+00	0.000000000000000000e+00	8.000800080008001913e+00	1.000000000000000000e+02	0.000000000000000000e+00	0.000000000000000000e+00	2.100210021002100191e+00	2.500250025002500376e+00	2.000200020002000367e-01	2.590259025902590384e+00	6.000600060006000547e-01	3.000300030003000273e-01	1.000100010001000184e-01	1.000100010001000184e-01	1.000000000000000000e+02	0.000000000000000000e+00	0.000000000000000000e+00	2.000200020002000367e-01	4.700470047004700613e-01	2.500250025002500376e+00	0.000000000000000000e+00	0.000000000000000000e+00	0.000000000000000000e+00	3.000300030003000273e-01	0.000000000000000000e+00	0.000000000000000000e+00	0.000000000000000000e+00	1.000100010001000184e-01	1.000000000000000000e+02	2.000200020002000478e+00	0.000000000000000000e+00	1.990199019901990241e+01	0.000000000000000000e+00	0.000000000000000000e+00	0.000000000000000000e+00	0.000000000000000000e+00
5.800000000000000000e+01	1.100110011001100174e+00	2.400240024002400219e-01	1.000100010001000184e-01	0.000000000000000000e+00	0.000000000000000000e+00	3.240324032403240295e+00	0.000000000000000000e+00	0.000000000000000000e+00	1.000100010001000184e-01	1.000100010001000184e-01	0.000000000000000000e+00	2.000200020002000367e-01	9.800980098009802077e+00	0.000000000000000000e+00	0.000000000000000000e+00	0.000000000000000000e+00	3.390339033903390309e+00	0.000000000000000000e+00	0.000000000000000000e+00	0.000000000000000000e+00	2.484248424842484226e+01	1.221122112211221200e+01	0.000000000000000000e+00	0.000000000000000000e+00	0.000000000000000000e+00	2.000200020002000367e-01	0.000000000000000000e+00	0.000000000000000000e+00	0.000000000000000000e+00	1.000100010001000184e-01	4.400440044004400697e+00	1.000100010001000184e-01	0.000000000000000000e+00	9.000900090009000820e-01	0.000000000000000000e+00	0.000000000000000000e+00	0.000000000000000000e+00	0.000000000000000000e+00
5.900000000000000000e+01	1.000100010001000184e-01	1.700170017001700340e-01	0.000000000000000000e+00	0.000000000000000000e+00	0.000000000000000000e+00	3.400340034003400680e-01	0.000000000000000000e+00	0.000000000000000000e+00	0.000000000000000000e+00	0.000000000000000000e+00	0.000000000000000000e+00	0.000000000000000000e+00	3.000300030003000273e-01	0.000000000000000000e+00	0.000000000000000000e+00	0.000000000000000000e+00	3.000300030003000273e-01	0.000000000000000000e+00	0.000000000000000000e+00	0.000000000000000000e+00	9.300930093009300847e-01	5.000500050005001196e-01	0.000000000000000000e+00	0.000000000000000000e+00	0.000000000000000000e+00	6.709670967096710115e+01	0.000000000000000000e+00	0.000000000000000000e+00	0.000000000000000000e+00	2.000200020002000367e-01	0.000000000000000000e+00	0.000000000000000000e+00	0.000000000000000000e+00	0.000000000000000000e+00	0.000000000000000000e+00	0.000000000000000000e+00	0.000000000000000000e+00	0.000000000000000000e+00
6.000000000000000000e+01	1.000100010001000239e+00	0.000000000000000000e+00	0.000000000000000000e+00	1.000100010001000184e-01	0.000000000000000000e+00	0.000000000000000000e+00	0.000000000000000000e+00	0.000000000000000000e+00	0.000000000000000000e+00	0.000000000000000000e+00	0.000000000000000000e+00	0.000000000000000000e+00	1.000100010001000184e-01	1.000100010001000184e-01	1.000100010001000184e-01	0.000000000000000000e+00	0.000000000000000000e+00	0.000000000000000000e+00	0.000000000000000000e+00	7.479747974797480481e+01	0.000000000000000000e+00	0.000000000000000000e+00	0.000000000000000000e+00	0.000000000000000000e+00	0.000000000000000000e+00	2.190219021902190200e+00	0.000000000000000000e+00	0.000000000000000000e+00	0.000000000000000000e+00	9.000900090009000820e-01	0.000000000000000000e+00	0.000000000000000000e+00	0.000000000000000000e+00	0.000000000000000000e+00	0.000000000000000000e+00	0.000000000000000000e+00	0.000000000000000000e+00	0.000000000000000000e+00
6.100000000000000000e+01	0.000000000000000000e+00	0.000000000000000000e+00	0.000000000000000000e+00	4.000400040004000735e-01	0.000000000000000000e+00	0.000000000000000000e+00	0.000000000000000000e+00	0.000000000000000000e+00	0.000000000000000000e+00	0.000000000000000000e+00	3.000300030003000273e-01	4.000400040004000735e-01	1.000100010001000184e-01	5.000500050005001196e-01	5.000500050005001196e-01	0.000000000000000000e+00	1.000100010001000184e-01	0.000000000000000000e+00	0.000000000000000000e+00	1.990199019901990329e+00	0.000000000000000000e+00	0.000000000000000000e+00	0.000000000000000000e+00	0.000000000000000000e+00	0.000000000000000000e+00	1.000100010001000184e-01	0.000000000000000000e+00	0.000000000000000000e+00	0.000000000000000000e+00	1.531153115311531288e+01	0.000000000000000000e+00	0.000000000000000000e+00	0.000000000000000000e+00	2.000200020002000367e-01	0.000000000000000000e+00	0.000000000000000000e+00	0.000000000000000000e+00	0.000000000000000000e+00
6.200000000000000000e+01	0.000000000000000000e+00	0.000000000000000000e+00	0.000000000000000000e+00	5.000500050005001196e-01	0.000000000000000000e+00	0.000000000000000000e+00	0.000000000000000000e+00	0.000000000000000000e+00	0.000000000000000000e+00	0.000000000000000000e+00	4.000400040004000735e-01	6.000600060006000547e-01	1.000100010001000184e-01	6.000600060006000547e-01	6.000600060006000547e-01	3.000300030003000273e-01	1.000100010001000184e-01	0.000000000000000000e+00	0.000000000000000000e+00	2.000200020002000367e-01	0.000000000000000000e+00	0.000000000000000000e+00	0.000000000000000000e+00	0.000000000000000000e+00	0.000000000000000000e+00	0.000000000000000000e+00	0.000000000000000000e+00	0.000000000000000000e+00	0.000000000000000000e+00	4.000400040004000735e-01	0.000000000000000000e+00	0.000000000000000000e+00	0.000000000000000000e+00	3.000300030003000273e-01	0.000000000000000000e+00	0.000000000000000000e+00	0.000000000000000000e+00	0.000000000000000000e+00
6.300000000000000000e+01	0.000000000000000000e+00	0.000000000000000000e+00	0.000000000000000000e+00	4.000400040004000735e-01	0.000000000000000000e+00	0.000000000000000000e+00	0.000000000000000000e+00	0.000000000000000000e+00	0.000000000000000000e+00	0.000000000000000000e+00	4.000400040004000735e-01	6.000600060006000547e-01	1.000100010001000184e-01	7.000700070007001008e-01	6.000600060006000547e-01	3.000300030003000273e-01	1.000100010001000184e-01	0.000000000000000000e+00	0.000000000000000000e+00	0.000000000000000000e+00	0.000000000000000000e+00	0.000000000000000000e+00	0.000000000000000000e+00	0.000000000000000000e+00	0.000000000000000000e+00	0.000000000000000000e+00	0.000000000000000000e+00	0.000000000000000000e+00	0.000000000000000000e+00	1.000100010001000184e-01	0.000000000000000000e+00	0.000000000000000000e+00	0.000000000000000000e+00	3.000300030003000273e-01	0.000000000000000000e+00	0.000000000000000000e+00	0.000000000000000000e+00	0.000000000000000000e+00
6.400000000000000000e+01	0.000000000000000000e+00	0.000000000000000000e+00	0.000000000000000000e+00	0.000000000000000000e+00	0.000000000000000000e+00	0.000000000000000000e+00	0.000000000000000000e+00	0.000000000000000000e+00	0.000000000000000000e+00	0.000000000000000000e+00	0.000000000000000000e+00	0.000000000000000000e+00	0.000000000000000000e+00	1.000100010001000184e-01	1.000100010001000184e-01	1.000100010001000184e-01	0.000000000000000000e+00	0.000000000000000000e+00	0.000000000000000000e+00	0.000000000000000000e+00	0.000000000000000000e+00	0.000000000000000000e+00	0.000000000000000000e+00	0.000000000000000000e+00	0.000000000000000000e+00	0.000000000000000000e+00	0.000000000000000000e+00	0.000000000000000000e+00	0.000000000000000000e+00	0.000000000000000000e+00	0.000000000000000000e+00	0.000000000000000000e+00	0.000000000000000000e+00	0.000000000000000000e+00	0.000000000000000000e+00	0.000000000000000000e+00	0.000000000000000000e+00	0.000000000000000000e+00
6.500000000000000000e+01	0.000000000000000000e+00	0.000000000000000000e+00	0.000000000000000000e+00	6.000600060006000547e-01	0.000000000000000000e+00	0.000000000000000000e+00	0.000000000000000000e+00	0.000000000000000000e+00	0.000000000000000000e+00	0.000000000000000000e+00	5.000500050005001196e-01	6.000600060006000547e-01	1.000100010001000184e-01	8.000800080008001469e-01	6.000600060006000547e-01	3.000300030003000273e-01	1.000100010001000184e-01	0.000000000000000000e+00	0.000000000000000000e+00	0.000000000000000000e+00	0.000000000000000000e+00	0.000000000000000000e+00	0.000000000000000000e+00	0.000000000000000000e+00	0.000000000000000000e+00	0.000000000000000000e+00	0.000000000000000000e+00	0.000000000000000000e+00	0.000000000000000000e+00	0.000000000000000000e+00	0.000000000000000000e+00	0.000000000000000000e+00	0.000000000000000000e+00	2.000200020002000367e-01	0.000000000000000000e+00	0.000000000000000000e+00	0.000000000000000000e+00	0.000000000000000000e+00
6.600000000000000000e+01	0.000000000000000000e+00	0.000000000000000000e+00	0.000000000000000000e+00	2.000200020002000367e-01	0.000000000000000000e+00	0.000000000000000000e+00	1.000100010001000239e+00	0.000000000000000000e+00	0.000000000000000000e+00	0.000000000000000000e+00	2.000200020002000367e-01	3.000300030003000273e-01	0.000000000000000000e+00	3.000300030003000273e-01	3.000300030003000273e-01	2.000200020002000367e-01	0.000000000000000000e+00	0.000000000000000000e+00	0.000000000000000000e+00	0.000000000000000000e+00	0.000000000000000000e+00	0.000000000000000000e+00	0.000000000000000000e+00	0.000000000000000000e+00	0.000000000000000000e+00	0.000000000000000000e+00	0.000000000000000000e+00	0.000000000000000000e+00	0.000000000000000000e+00	0.000000000000000000e+00	0.000000000000000000e+00	0.000000000000000000e+00	0.000000000000000000e+00	0.000000000000000000e+00	0.000000000000000000e+00	0.000000000000000000e+00	0.000000000000000000e+00	0.000000000000000000e+00
6.700000000000000000e+01	0.000000000000000000e+00	0.000000000000000000e+00	0.000000000000000000e+00	1.390139013901390275e+00	0.000000000000000000e+00	0.000000000000000000e+00	1.000100010001000239e+00	0.000000000000000000e+00	0.000000000000000000e+00	0.000000000000000000e+00	1.390139013901390275e+00	3.190319031903190439e+00	2.000200020002000367e-01	2.690269026902690541e+00	1.990199019901990329e+00	9.000900090009000820e-01	2.000200020002000367e-01	0.000000000000000000e+00	0.000000000000000000e+00	0.000000000000000000e+00	0.000000000000000000e+00	0.000000000000000000e+00	0.000000000000000000e+00	0.000000000000000000e+00	0.000000000000000000e+00	0.000000000000000000e+00	0.000000000000000000e+00	0.000000000000000000e+00	0.000000000000000000e+00	0.000000000000000000e+00	0.000000000000000000e+00	0.000000000000000000e+00	0.000000000000000000e+00	1.000100010001000184e-01	0.000000000000000000e+00	0.000000000000000000e+00	0.000000000000000000e+00	0.000000000000000000e+00
6.800000000000000000e+01	1.000100010001000184e-01	0.000000000000000000e+00	0.000000000000000000e+00	3.000300030003000273e-01	0.000000000000000000e+00	3.200320032003200477e-01	5.000500050005000752e+00	2.600260026002600533e+00	0.000000000000000000e+00	0.000000000000000000e+00	2.000200020002000367e-01	7.000700070007001008e-01	1.000100010001000184e-01	6.000600060006000547e-01	3.000300030003000273e-01	1.000100010001000184e-01	1.000100010001000184e-01	0.000000000000000000e+00	0.000000000000000000e+00	0.000000000000000000e+00	0.000000000000000000e+00	0.000000000000000000e+00	0.000000000000000000e+00	0.000000000000000000e+00	0.000000000000000000e+00	0.000000000000000000e+00	0.000000000000000000e+00	0.000000000000000000e+00	0.000000000000000000e+00	0.000000000000000000e+00	0.000000000000000000e+00	0.000000000000000000e+00	0.000000000000000000e+00	0.000000000000000000e+00	0.000000000000000000e+00	0.000000000000000000e+00	0.000000000000000000e+00	0.000000000000000000e+00
6.900000000000000000e+01	6.000600060006000547e-01	0.000000000000000000e+00	0.000000000000000000e+00	1.890189018901890172e+00	0.000000000000000000e+00	1.810181018101810313e+00	6.500650065006500711e+01	4.594459445944594478e+01	0.000000000000000000e+00	0.000000000000000000e+00	2.990299029902990569e+00	4.590459045904590418e+00	2.000200020002000367e-01	2.990299029902990569e+00	2.590259025902590384e+00	2.500250025002500376e+00	1.000100010001000184e-01	0.000000000000000000e+00	0.000000000000000000e+00	0.000000000000000000e+00	0.000000000000000000e+00	0.000000000000000000e+00	0.000000000000000000e+00	0.000000000000000000e+00	0.000000000000000000e+00	0.000000000000000000e+00	0.000000000000000000e+00	0.000000000000000000e+00	0.000000000000000000e+00	0.000000000000000000e+00	3.000300030003000273e-01	0.000000000000000000e+00	0.000000000000000000e+00	1.000100010001000184e-01	0.000000000000000000e+00	0.000000000000000000e+00	0.000000000000000000e+00	0.000000000000000000e+00
7.000000000000000000e+01	2.000200020002000367e-01	3.000300030003000273e-02	0.000000000000000000e+00	3.949394939493949863e+01	0.000000000000000000e+00	1.380138013801380126e+00	8.200820082008200984e+01	1.000000000000000000e+02	0.000000000000000000e+00	0.000000000000000000e+00	3.809380938093809732e+01	4.429442944294429907e+01	0.000000000000000000e+00	3.829382938293829852e+01	3.829382938293829852e+01	2.752275227522752488e+01	2.000200020002000367e-01	0.000000000000000000e+00	0.000000000000000000e+00	0.000000000000000000e+00	0.000000000000000000e+00	0.000000000000000000e+00	0.000000000000000000e+00	0.000000000000000000e+00	0.000000000000000000e+00	0.000000000000000000e+00	0.000000000000000000e+00	0.000000000000000000e+00	0.000000000000000000e+00	1.181118111811181137e+01	7.000700070007001008e-01	0.000000000000000000e+00	0.000000000000000000e+00	1.000100010001000184e-01	0.000000000000000000e+00	0.000000000000000000e+00	0.000000000000000000e+00	0.000000000000000000e+00
7.100000000000000000e+01	7.210721072107211249e+00	1.200120012001200109e-01	0.000000000000000000e+00	2.190219021902190200e+00	1.000100010001000239e+00	6.960696069606960634e+00	8.000800080008001913e+00	6.710671067106710908e+00	0.000000000000000000e+00	0.000000000000000000e+00	2.090209020902090487e+00	2.690269026902690541e+00	9.700970097009701476e+00	2.490249024902490227e+00	2.190219021902190200e+00	1.500150015001500137e+00	4.000400040004000735e-01	0.000000000000000000e+00	0.000000000000000000e+00	0.000000000000000000e+00	0.000000000000000000e+00	0.000000000000000000e+00	0.000000000000000000e+00	0.000000000000000000e+00	0.000000000000000000e+00	0.000000000000000000e+00	0.000000000000000000e+00	0.000000000000000000e+00	0.000000000000000000e+00	5.000500050005001196e-01	5.000500050005000752e+00	0.000000000000000000e+00	0.000000000000000000e+00	8.000800080008001469e-01	0.000000000000000000e+00	0.000000000000000000e+00	0.000000000000000000e+00	0.000000000000000000e+00
7.200000000000000000e+01	7.347734773477347403e+01	0.000000000000000000e+00	0.000000000000000000e+00	0.000000000000000000e+00	2.500250025002500465e+01	2.559255925592559322e+01	1.000100010001000239e+00	0.000000000000000000e+00	0.000000000000000000e+00	0.000000000000000000e+00	1.000100010001000184e-01	3.000300030003000273e-01	4.000400040004000735e-01	0.000000000000000000e+00	0.000000000000000000e+00	1.000100010001000184e-01	0.000000000000000000e+00	0.000000000000000000e+00	0.000000000000000000e+00	0.000000000000000000e+00	0.000000000000000000e+00	0.000000000000000000e+00	0.000000000000000000e+00	0.000000000000000000e+00	0.000000000000000000e+00	1.000100010001000184e-01	0.000000000000000000e+00	0.000000000000000000e+00	0.000000000000000000e+00	1.000100010001000184e-01	3.000300030003000273e-01	0.000000000000000000e+00	0.000000000000000000e+00	1.290129012901290118e+01	0.000000000000000000e+00	0.000000000000000000e+00	0.000000000000000000e+00	0.000000000000000000e+00
7.300000000000000000e+01	4.700470047004700724e+00	1.520152015201520213e+00	0.000000000000000000e+00	0.000000000000000000e+00	1.000100010001000239e+00	1.100110011001100174e+00	0.000000000000000000e+00	0.000000000000000000e+00	0.000000000000000000e+00	0.000000000000000000e+00	0.000000000000000000e+00	1.000100010001000184e-01	0.000000000000000000e+00	0.000000000000000000e+00	0.000000000000000000e+00	0.000000000000000000e+00	0.000000000000000000e+00	0.000000000000000000e+00	0.000000000000000000e+00	0.000000000000000000e+00	0.000000000000000000e+00	0.000000000000000000e+00	0.000000000000000000e+00	0.000000000000000000e+00	0.000000000000000000e+00	4.690469046904691020e+00	0.000000000000000000e+00	0.000000000000000000e+00	0.000000000000000000e+00	4.900490049004901039e+00	0.000000000000000000e+00	0.000000000000000000e+00	0.000000000000000000e+00	7.000700070007001008e-01	0.000000000000000000e+00	0.000000000000000000e+00	0.000000000000000000e+00	0.000000000000000000e+00
7.400000000000000000e+01	3.000300030003000273e-01	7.400740074007401414e-01	0.000000000000000000e+00	0.000000000000000000e+00	0.000000000000000000e+00	0.000000000000000000e+00	0.000000000000000000e+00	0.000000000000000000e+00	0.000000000000000000e+00	0.000000000000000000e+00	0.000000000000000000e+00	0.000000000000000000e+00	0.000000000000000000e+00	0.000000000000000000e+00	0.000000000000000000e+00	0.000000000000000000e+00	0.000000000000000000e+00	0.000000000000000000e+00	0.000000000000000000e+00	0.000000000000000000e+00	0.000000000000000000e+00	0.000000000000000000e+00	0.000000000000000000e+00	0.000000000000000000e+00	0.000000000000000000e+00	4.399439943994399727e+01	0.000000000000000000e+00	0.000000000000000000e+00	0.000000000000000000e+00	2.000200020002000367e-01	0.000000000000000000e+00	0.000000000000000000e+00	0.000000000000000000e+00	0.000000000000000000e+00	0.000000000000000000e+00	0.000000000000000000e+00	0.000000000000000000e+00	0.000000000000000000e+00
7.500000000000000000e+01	1.000100010001000184e-01	3.000300030003000273e-02	0.000000000000000000e+00	0.000000000000000000e+00	0.000000000000000000e+00	0.000000000000000000e+00	0.000000000000000000e+00	0.000000000000000000e+00	0.000000000000000000e+00	0.000000000000000000e+00	0.000000000000000000e+00	0.000000000000000000e+00	0.000000000000000000e+00	0.000000000000000000e+00	0.000000000000000000e+00	0.000000000000000000e+00	0.000000000000000000e+00	0.000000000000000000e+00	0.000000000000000000e+00	0.000000000000000000e+00	0.000000000000000000e+00	0.000000000000000000e+00	0.000000000000000000e+00	0.000000000000000000e+00	0.000000000000000000e+00	2.090209020902090487e+00	0.000000000000000000e+00	0.000000000000000000e+00	0.000000000000000000e+00	1.000100010001000184e-01	0.000000000000000000e+00	0.000000000000000000e+00	0.000000000000000000e+00	0.000000000000000000e+00	0.000000000000000000e+00	0.000000000000000000e+00	0.000000000000000000e+00	0.000000000000000000e+00
8.400000000000000000e+01	0.000000000000000000e+00	0.000000000000000000e+00	0.000000000000000000e+00	0.000000000000000000e+00	0.000000000000000000e+00	0.000000000000000000e+00	0.000000000000000000e+00	0.000000000000000000e+00	0.000000000000000000e+00	0.000000000000000000e+00	0.000000000000000000e+00	0.000000000000000000e+00	0.000000000000000000e+00	0.000000000000000000e+00	0.000000000000000000e+00	0.000000000000000000e+00	1.000100010001000184e-01	0.000000000000000000e+00	0.000000000000000000e+00	0.000000000000000000e+00	0.000000000000000000e+00	0.000000000000000000e+00	0.000000000000000000e+00	0.000000000000000000e+00	0.000000000000000000e+00	0.000000000000000000e+00	0.000000000000000000e+00	0.000000000000000000e+00	0.000000000000000000e+00	0.000000000000000000e+00	1.000100010001000184e-01	0.000000000000000000e+00	0.000000000000000000e+00	0.000000000000000000e+00	0.000000000000000000e+00	0.000000000000000000e+00	0.000000000000000000e+00	0.000000000000000000e+00
8.500000000000000000e+01	0.000000000000000000e+00	0.000000000000000000e+00	0.000000000000000000e+00	0.000000000000000000e+00	0.000000000000000000e+00	0.000000000000000000e+00	0.000000000000000000e+00	0.000000000000000000e+00	0.000000000000000000e+00	0.000000000000000000e+00	0.000000000000000000e+00	0.000000000000000000e+00	1.000100010001000184e-01	0.000000000000000000e+00	0.000000000000000000e+00	0.000000000000000000e+00	4.000400040004000735e-01	0.000000000000000000e+00	0.000000000000000000e+00	0.000000000000000000e+00	0.000000000000000000e+00	0.000000000000000000e+00	0.000000000000000000e+00	0.000000000000000000e+00	0.000000000000000000e+00	0.000000000000000000e+00	0.000000000000000000e+00	0.000000000000000000e+00	0.000000000000000000e+00	0.000000000000000000e+00	4.000400040004000735e-01	0.000000000000000000e+00	0.000000000000000000e+00	0.000000000000000000e+00	0.000000000000000000e+00	0.000000000000000000e+00	0.000000000000000000e+00	0.000000000000000000e+00
8.600000000000000000e+01	0.000000000000000000e+00	0.000000000000000000e+00	0.000000000000000000e+00	0.000000000000000000e+00	0.000000000000000000e+00	0.000000000000000000e+00	0.000000000000000000e+00	0.000000000000000000e+00	0.000000000000000000e+00	0.000000000000000000e+00	0.000000000000000000e+00	0.000000000000000000e+00	1.970197019701970120e+01	0.000000000000000000e+00	0.000000000000000000e+00	0.000000000000000000e+00	2.119211921192119163e+01	0.000000000000000000e+00	0.000000000000000000e+00	0.000000000000000000e+00	0.000000000000000000e+00	0.000000000000000000e+00	0.000000000000000000e+00	0.000000000000000000e+00	0.000000000000000000e+00	0.000000000000000000e+00	0.000000000000000000e+00	0.000000000000000000e+00	0.000000000000000000e+00	0.000000000000000000e+00	1.551155115511551230e+01	0.000000000000000000e+00	0.000000000000000000e+00	0.000000000000000000e+00	0.000000000000000000e+00	0.000000000000000000e+00	0.000000000000000000e+00	0.000000000000000000e+00
8.700000000000000000e+01	0.000000000000000000e+00	0.000000000000000000e+00	0.000000000000000000e+00	0.000000000000000000e+00	0.000000000000000000e+00	0.000000000000000000e+00	0.000000000000000000e+00	0.000000000000000000e+00	0.000000000000000000e+00	0.000000000000000000e+00	0.000000000000000000e+00	0.000000000000000000e+00	1.200120012001200109e+00	0.000000000000000000e+00	0.000000000000000000e+00	0.000000000000000000e+00	1.190119011901190182e+00	0.000000000000000000e+00	0.000000000000000000e+00	0.000000000000000000e+00	0.000000000000000000e+00	0.000000000000000000e+00	0.000000000000000000e+00	0.000000000000000000e+00	0.000000000000000000e+00	0.000000000000000000e+00	0.000000000000000000e+00	0.000000000000000000e+00	0.000000000000000000e+00	4.000400040004000735e-01	1.000100010001000239e+00	0.000000000000000000e+00	0.000000000000000000e+00	0.000000000000000000e+00	0.000000000000000000e+00	0.000000000000000000e+00	0.000000000000000000e+00	0.000000000000000000e+00
8.800000000000000000e+01	0.000000000000000000e+00	0.000000000000000000e+00	0.000000000000000000e+00	0.000000000000000000e+00	0.000000000000000000e+00	0.000000000000000000e+00	0.000000000000000000e+00	0.000000000000000000e+00	0.000000000000000000e+00	0.000000000000000000e+00	0.000000000000000000e+00	0.000000000000000000e+00	1.000100010001000184e-01	0.000000000000000000e+00	0.000000000000000000e+00	0.000000000000000000e+00	0.000000000000000000e+00	0.000000000000000000e+00	0.000000000000000000e+00	0.000000000000000000e+00	0.000000000000000000e+00	0.000000000000000000e+00	0.000000000000000000e+00	0.000000000000000000e+00	0.000000000000000000e+00	0.000000000000000000e+00	0.000000000000000000e+00	0.000000000000000000e+00	0.000000000000000000e+00	7.010701070107010935e+00	0.000000000000000000e+00	0.000000000000000000e+00	0.000000000000000000e+00	0.000000000000000000e+00	0.000000000000000000e+00	0.000000000000000000e+00	0.000000000000000000e+00	0.000000000000000000e+00
8.900000000000000000e+01	0.000000000000000000e+00	0.000000000000000000e+00	0.000000000000000000e+00	0.000000000000000000e+00	0.000000000000000000e+00	0.000000000000000000e+00	0.000000000000000000e+00	0.000000000000000000e+00	0.000000000000000000e+00	0.000000000000000000e+00	0.000000000000000000e+00	0.000000000000000000e+00	0.000000000000000000e+00	0.000000000000000000e+00	0.000000000000000000e+00	0.000000000000000000e+00	0.000000000000000000e+00	0.000000000000000000e+00	0.000000000000000000e+00	0.000000000000000000e+00	0.000000000000000000e+00	0.000000000000000000e+00	0.000000000000000000e+00	0.000000000000000000e+00	0.000000000000000000e+00	0.000000000000000000e+00	0.000000000000000000e+00	0.000000000000000000e+00	0.000000000000000000e+00	6.000600060006000547e-01	0.000000000000000000e+00	0.000000000000000000e+00	0.000000000000000000e+00	0.000000000000000000e+00	0.000000000000000000e+00	0.000000000000000000e+00	0.000000000000000000e+00	0.000000000000000000e+00
9.000000000000000000e+01	0.000000000000000000e+00	0.000000000000000000e+00	0.000000000000000000e+00	0.000000000000000000e+00	0.000000000000000000e+00	0.000000000000000000e+00	0.000000000000000000e+00	0.000000000000000000e+00	0.000000000000000000e+00	0.000000000000000000e+00	0.000000000000000000e+00	0.000000000000000000e+00	0.000000000000000000e+00	0.000000000000000000e+00	0.000000000000000000e+00	0.000000000000000000e+00	0.000000000000000000e+00	0.000000000000000000e+00	0.000000000000000000e+00	0.000000000000000000e+00	0.000000000000000000e+00	0.000000000000000000e+00	0.000000000000000000e+00	0.000000000000000000e+00	0.000000000000000000e+00	0.000000000000000000e+00	0.000000000000000000e+00	0.000000000000000000e+00	0.000000000000000000e+00	1.000100010001000184e-01	0.000000000000000000e+00	0.000000000000000000e+00	0.000000000000000000e+00	0.000000000000000000e+00	0.000000000000000000e+00	0.000000000000000000e+00	0.000000000000000000e+00	0.000000000000000000e+00
